1,C:\30by30 images\1\image1001.png
2,C:\30by30 images\2\image2001.png
3,C:\30by30 images\3\image3001.png
1,C:\30by30 images\1\image1002.png
2,C:\30by30 images\2\image2002.png
3,C:\30by30 images\3\image3002.png
1,C:\30by30 images\1\image1003.png
2,C:\30by30 images\2\image2003.png
3,C:\30by30 images\3\image3003.png
1,C:\30by30 images\1\image1004.png
2,C:\30by30 images\2\image2004.png
3,C:\30by30 images\3\image3004.png
1,C:\30by30 images\1\image1005.png
2,C:\30by30 images\2\image2005.png
3,C:\30by30 images\3\image3005.png
1,C:\30by30 images\1\image1006.png
2,C:\30by30 images\2\image2006.png
3,C:\30by30 images\3\image3006.png
1,C:\30by30 images\1\image1007.png
2,C:\30by30 images\2\image2007.png
3,C:\30by30 images\3\image3007.png
1,C:\30by30 images\1\image1008.png
2,C:\30by30 images\2\image2008.png
3,C:\30by30 images\3\image3008.png
1,C:\30by30 images\1\image1009.png
2,C:\30by30 images\2\image2009.png
3,C:\30by30 images\3\image3009.png
1,C:\30by30 images\1\image1010.png
2,C:\30by30 images\2\image2010.png
3,C:\30by30 images\3\image3010.png
1,C:\30by30 images\1\image1011.png
2,C:\30by30 images\2\image2011.png
3,C:\30by30 images\3\image3011.png
1,C:\30by30 images\1\image1012.png
2,C:\30by30 images\2\image2012.png
3,C:\30by30 images\3\image3012.png
1,C:\30by30 images\1\image1013.png
2,C:\30by30 images\2\image2013.png
3,C:\30by30 images\3\image3013.png
1,C:\30by30 images\1\image1014.png
2,C:\30by30 images\2\image2014.png
3,C:\30by30 images\3\image3014.png
1,C:\30by30 images\1\image1015.png
2,C:\30by30 images\2\image2015.png
3,C:\30by30 images\3\image3015.png
1,C:\30by30 images\1\image1016.png
2,C:\30by30 images\2\image2016.png
3,C:\30by30 images\3\image3016.png
1,C:\30by30 images\1\image1017.png
2,C:\30by30 images\2\image2017.png
3,C:\30by30 images\3\image3017.png
1,C:\30by30 images\1\image1018.png
2,C:\30by30 images\2\image2018.png
3,C:\30by30 images\3\image3018.png
1,C:\30by30 images\1\image1019.png
2,C:\30by30 images\2\image2019.png
3,C:\30by30 images\3\image3019.png
1,C:\30by30 images\1\image1020.png
2,C:\30by30 images\2\image2020.png
3,C:\30by30 images\3\image3020.png
1,C:\30by30 images\1\image1021.png
2,C:\30by30 images\2\image2021.png
3,C:\30by30 images\3\image3021.png
1,C:\30by30 images\1\image1022.png
2,C:\30by30 images\2\image2022.png
3,C:\30by30 images\3\image3022.png
1,C:\30by30 images\1\image1023.png
2,C:\30by30 images\2\image2023.png
3,C:\30by30 images\3\image3023.png
1,C:\30by30 images\1\image1024.png
2,C:\30by30 images\2\image2024.png
3,C:\30by30 images\3\image3024.png
1,C:\30by30 images\1\image1025.png
2,C:\30by30 images\2\image2025.png
3,C:\30by30 images\3\image3025.png
1,C:\30by30 images\1\image1026.png
2,C:\30by30 images\2\image2026.png
3,C:\30by30 images\3\image3026.png
1,C:\30by30 images\1\image1027.png
2,C:\30by30 images\2\image2027.png
3,C:\30by30 images\3\image3027.png
1,C:\30by30 images\1\image1028.png
2,C:\30by30 images\2\image2028.png
3,C:\30by30 images\3\image3028.png
1,C:\30by30 images\1\image1029.png
2,C:\30by30 images\2\image2029.png
3,C:\30by30 images\3\image3029.png
1,C:\30by30 images\1\image1030.png
2,C:\30by30 images\2\image2030.png
3,C:\30by30 images\3\image3030.png
1,C:\30by30 images\1\image1031.png
2,C:\30by30 images\2\image2031.png
3,C:\30by30 images\3\image3031.png
1,C:\30by30 images\1\image1032.png
2,C:\30by30 images\2\image2032.png
3,C:\30by30 images\3\image3032.png
1,C:\30by30 images\1\image1033.png
2,C:\30by30 images\2\image2033.png
3,C:\30by30 images\3\image3033.png
1,C:\30by30 images\1\image1034.png
2,C:\30by30 images\2\image2034.png
3,C:\30by30 images\3\image3034.png
1,C:\30by30 images\1\image1035.png
2,C:\30by30 images\2\image2035.png
3,C:\30by30 images\3\image3035.png
1,C:\30by30 images\1\image1036.png
2,C:\30by30 images\2\image2036.png
3,C:\30by30 images\3\image3036.png
1,C:\30by30 images\1\image1037.png
2,C:\30by30 images\2\image2037.png
3,C:\30by30 images\3\image3037.png
1,C:\30by30 images\1\image1038.png
2,C:\30by30 images\2\image2038.png
3,C:\30by30 images\3\image3038.png
1,C:\30by30 images\1\image1039.png
2,C:\30by30 images\2\image2039.png
3,C:\30by30 images\3\image3039.png
1,C:\30by30 images\1\image1040.png
2,C:\30by30 images\2\image2040.png
3,C:\30by30 images\3\image3040.png
1,C:\30by30 images\1\image1041.png
2,C:\30by30 images\2\image2041.png
3,C:\30by30 images\3\image3041.png
1,C:\30by30 images\1\image1042.png
2,C:\30by30 images\2\image2042.png
3,C:\30by30 images\3\image3042.png
1,C:\30by30 images\1\image1043.png
2,C:\30by30 images\2\image2043.png
3,C:\30by30 images\3\image3043.png
1,C:\30by30 images\1\image1044.png
2,C:\30by30 images\2\image2044.png
3,C:\30by30 images\3\image3044.png
1,C:\30by30 images\1\image1045.png
2,C:\30by30 images\2\image2045.png
3,C:\30by30 images\3\image3045.png
1,C:\30by30 images\1\image1046.png
2,C:\30by30 images\2\image2046.png
3,C:\30by30 images\3\image3046.png
1,C:\30by30 images\1\image1047.png
2,C:\30by30 images\2\image2047.png
3,C:\30by30 images\3\image3047.png
1,C:\30by30 images\1\image1048.png
2,C:\30by30 images\2\image2048.png
3,C:\30by30 images\3\image3048.png
1,C:\30by30 images\1\image1049.png
2,C:\30by30 images\2\image2049.png
3,C:\30by30 images\3\image3049.png
1,C:\30by30 images\1\image1050.png
2,C:\30by30 images\2\image2050.png
3,C:\30by30 images\3\image3050.png
1,C:\30by30 images\1\image1051.png
2,C:\30by30 images\2\image2051.png
3,C:\30by30 images\3\image3051.png
1,C:\30by30 images\1\image1052.png
2,C:\30by30 images\2\image2052.png
3,C:\30by30 images\3\image3052.png
1,C:\30by30 images\1\image1053.png
2,C:\30by30 images\2\image2053.png
3,C:\30by30 images\3\image3053.png
1,C:\30by30 images\1\image1054.png
2,C:\30by30 images\2\image2054.png
3,C:\30by30 images\3\image3054.png
1,C:\30by30 images\1\image1055.png
2,C:\30by30 images\2\image2055.png
3,C:\30by30 images\3\image3055.png
1,C:\30by30 images\1\image1056.png
2,C:\30by30 images\2\image2056.png
3,C:\30by30 images\3\image3056.png
1,C:\30by30 images\1\image1057.png
2,C:\30by30 images\2\image2057.png
3,C:\30by30 images\3\image3057.png
1,C:\30by30 images\1\image1058.png
2,C:\30by30 images\2\image2058.png
3,C:\30by30 images\3\image3058.png
1,C:\30by30 images\1\image1059.png
2,C:\30by30 images\2\image2059.png
3,C:\30by30 images\3\image3059.png
1,C:\30by30 images\1\image1060.png
2,C:\30by30 images\2\image2060.png
3,C:\30by30 images\3\image3060.png
1,C:\30by30 images\1\image1061.png
2,C:\30by30 images\2\image2061.png
3,C:\30by30 images\3\image3061.png
1,C:\30by30 images\1\image1062.png
2,C:\30by30 images\2\image2062.png
3,C:\30by30 images\3\image3062.png
1,C:\30by30 images\1\image1063.png
2,C:\30by30 images\2\image2063.png
3,C:\30by30 images\3\image3063.png
1,C:\30by30 images\1\image1064.png
2,C:\30by30 images\2\image2064.png
3,C:\30by30 images\3\image3064.png
1,C:\30by30 images\1\image1065.png
2,C:\30by30 images\2\image2065.png
3,C:\30by30 images\3\image3065.png
1,C:\30by30 images\1\image1066.png
2,C:\30by30 images\2\image2066.png
3,C:\30by30 images\3\image3066.png
1,C:\30by30 images\1\image1067.png
2,C:\30by30 images\2\image2067.png
3,C:\30by30 images\3\image3067.png
1,C:\30by30 images\1\image1068.png
2,C:\30by30 images\2\image2068.png
3,C:\30by30 images\3\image3068.png
1,C:\30by30 images\1\image1069.png
2,C:\30by30 images\2\image2069.png
3,C:\30by30 images\3\image3069.png
1,C:\30by30 images\1\image1070.png
2,C:\30by30 images\2\image2070.png
3,C:\30by30 images\3\image3070.png
1,C:\30by30 images\1\image1071.png
2,C:\30by30 images\2\image2071.png
3,C:\30by30 images\3\image3071.png
1,C:\30by30 images\1\image1072.png
2,C:\30by30 images\2\image2072.png
3,C:\30by30 images\3\image3072.png
1,C:\30by30 images\1\image1073.png
2,C:\30by30 images\2\image2073.png
3,C:\30by30 images\3\image3073.png
1,C:\30by30 images\1\image1074.png
2,C:\30by30 images\2\image2074.png
3,C:\30by30 images\3\image3074.png
1,C:\30by30 images\1\image1075.png
2,C:\30by30 images\2\image2075.png
3,C:\30by30 images\3\image3075.png
1,C:\30by30 images\1\image1076.png
2,C:\30by30 images\2\image2076.png
3,C:\30by30 images\3\image3076.png
1,C:\30by30 images\1\image1077.png
2,C:\30by30 images\2\image2077.png
3,C:\30by30 images\3\image3077.png
1,C:\30by30 images\1\image1078.png
2,C:\30by30 images\2\image2078.png
3,C:\30by30 images\3\image3078.png
1,C:\30by30 images\1\image1079.png
2,C:\30by30 images\2\image2079.png
3,C:\30by30 images\3\image3079.png
1,C:\30by30 images\1\image1080.png
2,C:\30by30 images\2\image2080.png
3,C:\30by30 images\3\image3080.png
1,C:\30by30 images\1\image1081.png
2,C:\30by30 images\2\image2081.png
3,C:\30by30 images\3\image3081.png
1,C:\30by30 images\1\image1082.png
2,C:\30by30 images\2\image2082.png
3,C:\30by30 images\3\image3082.png
1,C:\30by30 images\1\image1083.png
2,C:\30by30 images\2\image2083.png
3,C:\30by30 images\3\image3083.png
1,C:\30by30 images\1\image1084.png
2,C:\30by30 images\2\image2084.png
3,C:\30by30 images\3\image3084.png
1,C:\30by30 images\1\image1085.png
2,C:\30by30 images\2\image2085.png
3,C:\30by30 images\3\image3085.png
1,C:\30by30 images\1\image1086.png
2,C:\30by30 images\2\image2086.png
3,C:\30by30 images\3\image3086.png
1,C:\30by30 images\1\image1087.png
2,C:\30by30 images\2\image2087.png
3,C:\30by30 images\3\image3087.png
1,C:\30by30 images\1\image1088.png
2,C:\30by30 images\2\image2088.png
3,C:\30by30 images\3\image3088.png
1,C:\30by30 images\1\image1089.png
2,C:\30by30 images\2\image2089.png
3,C:\30by30 images\3\image3089.png
1,C:\30by30 images\1\image1090.png
2,C:\30by30 images\2\image2090.png
3,C:\30by30 images\3\image3090.png
1,C:\30by30 images\1\image1091.png
2,C:\30by30 images\2\image2091.png
3,C:\30by30 images\3\image3091.png
1,C:\30by30 images\1\image1092.png
2,C:\30by30 images\2\image2092.png
3,C:\30by30 images\3\image3092.png
1,C:\30by30 images\1\image1093.png
2,C:\30by30 images\2\image2093.png
3,C:\30by30 images\3\image3093.png
1,C:\30by30 images\1\image1094.png
2,C:\30by30 images\2\image2094.png
3,C:\30by30 images\3\image3094.png
1,C:\30by30 images\1\image1095.png
2,C:\30by30 images\2\image2095.png
3,C:\30by30 images\3\image3095.png
1,C:\30by30 images\1\image1096.png
2,C:\30by30 images\2\image2096.png
3,C:\30by30 images\3\image3096.png
1,C:\30by30 images\1\image1097.png
2,C:\30by30 images\2\image2097.png
3,C:\30by30 images\3\image3097.png
1,C:\30by30 images\1\image1098.png
2,C:\30by30 images\2\image2098.png
3,C:\30by30 images\3\image3098.png
1,C:\30by30 images\1\image1099.png
2,C:\30by30 images\2\image2099.png
3,C:\30by30 images\3\image3099.png
1,C:\30by30 images\1\image1100.png
2,C:\30by30 images\2\image2100.png
3,C:\30by30 images\3\image3100.png
1,C:\30by30 images\1\image1101.png
2,C:\30by30 images\2\image2101.png
3,C:\30by30 images\3\image3101.png
1,C:\30by30 images\1\image1102.png
2,C:\30by30 images\2\image2102.png
3,C:\30by30 images\3\image3102.png
1,C:\30by30 images\1\image1103.png
2,C:\30by30 images\2\image2103.png
3,C:\30by30 images\3\image3103.png
1,C:\30by30 images\1\image1104.png
2,C:\30by30 images\2\image2104.png
3,C:\30by30 images\3\image3104.png
1,C:\30by30 images\1\image1105.png
2,C:\30by30 images\2\image2105.png
3,C:\30by30 images\3\image3105.png
1,C:\30by30 images\1\image1106.png
2,C:\30by30 images\2\image2106.png
3,C:\30by30 images\3\image3106.png
1,C:\30by30 images\1\image1107.png
2,C:\30by30 images\2\image2107.png
3,C:\30by30 images\3\image3107.png
1,C:\30by30 images\1\image1108.png
2,C:\30by30 images\2\image2108.png
3,C:\30by30 images\3\image3108.png
1,C:\30by30 images\1\image1109.png
2,C:\30by30 images\2\image2109.png
3,C:\30by30 images\3\image3109.png
1,C:\30by30 images\1\image1110.png
2,C:\30by30 images\2\image2110.png
3,C:\30by30 images\3\image3110.png
1,C:\30by30 images\1\image1111.png
2,C:\30by30 images\2\image2111.png
3,C:\30by30 images\3\image3111.png
1,C:\30by30 images\1\image1112.png
2,C:\30by30 images\2\image2112.png
3,C:\30by30 images\3\image3112.png
1,C:\30by30 images\1\image1113.png
2,C:\30by30 images\2\image2113.png
3,C:\30by30 images\3\image3113.png
1,C:\30by30 images\1\image1114.png
2,C:\30by30 images\2\image2114.png
3,C:\30by30 images\3\image3114.png
1,C:\30by30 images\1\image1115.png
2,C:\30by30 images\2\image2115.png
3,C:\30by30 images\3\image3115.png
1,C:\30by30 images\1\image1116.png
2,C:\30by30 images\2\image2116.png
3,C:\30by30 images\3\image3116.png
1,C:\30by30 images\1\image1117.png
2,C:\30by30 images\2\image2117.png
3,C:\30by30 images\3\image3117.png
1,C:\30by30 images\1\image1118.png
2,C:\30by30 images\2\image2118.png
3,C:\30by30 images\3\image3118.png
1,C:\30by30 images\1\image1119.png
2,C:\30by30 images\2\image2119.png
3,C:\30by30 images\3\image3119.png
1,C:\30by30 images\1\image1120.png
2,C:\30by30 images\2\image2120.png
3,C:\30by30 images\3\image3120.png
1,C:\30by30 images\1\image1121.png
2,C:\30by30 images\2\image2121.png
3,C:\30by30 images\3\image3121.png
1,C:\30by30 images\1\image1122.png
2,C:\30by30 images\2\image2122.png
3,C:\30by30 images\3\image3122.png
1,C:\30by30 images\1\image1123.png
2,C:\30by30 images\2\image2123.png
3,C:\30by30 images\3\image3123.png
1,C:\30by30 images\1\image1124.png
2,C:\30by30 images\2\image2124.png
3,C:\30by30 images\3\image3124.png
1,C:\30by30 images\1\image1125.png
2,C:\30by30 images\2\image2125.png
3,C:\30by30 images\3\image3125.png
1,C:\30by30 images\1\image1126.png
2,C:\30by30 images\2\image2126.png
3,C:\30by30 images\3\image3126.png
1,C:\30by30 images\1\image1127.png
2,C:\30by30 images\2\image2127.png
3,C:\30by30 images\3\image3127.png
1,C:\30by30 images\1\image1128.png
2,C:\30by30 images\2\image2128.png
3,C:\30by30 images\3\image3128.png
1,C:\30by30 images\1\image1129.png
2,C:\30by30 images\2\image2129.png
3,C:\30by30 images\3\image3129.png
1,C:\30by30 images\1\image1130.png
2,C:\30by30 images\2\image2130.png
3,C:\30by30 images\3\image3130.png
1,C:\30by30 images\1\image1131.png
2,C:\30by30 images\2\image2131.png
3,C:\30by30 images\3\image3131.png
1,C:\30by30 images\1\image1132.png
2,C:\30by30 images\2\image2132.png
3,C:\30by30 images\3\image3132.png
1,C:\30by30 images\1\image1133.png
2,C:\30by30 images\2\image2133.png
3,C:\30by30 images\3\image3133.png
1,C:\30by30 images\1\image1134.png
2,C:\30by30 images\2\image2134.png
3,C:\30by30 images\3\image3134.png
1,C:\30by30 images\1\image1135.png
2,C:\30by30 images\2\image2135.png
3,C:\30by30 images\3\image3135.png
1,C:\30by30 images\1\image1136.png
2,C:\30by30 images\2\image2136.png
3,C:\30by30 images\3\image3136.png
1,C:\30by30 images\1\image1137.png
2,C:\30by30 images\2\image2137.png
3,C:\30by30 images\3\image3137.png
1,C:\30by30 images\1\image1138.png
2,C:\30by30 images\2\image2138.png
3,C:\30by30 images\3\image3138.png
1,C:\30by30 images\1\image1139.png
2,C:\30by30 images\2\image2139.png
3,C:\30by30 images\3\image3139.png
1,C:\30by30 images\1\image1140.png
2,C:\30by30 images\2\image2140.png
3,C:\30by30 images\3\image3140.png
1,C:\30by30 images\1\image1141.png
2,C:\30by30 images\2\image2141.png
3,C:\30by30 images\3\image3141.png
1,C:\30by30 images\1\image1142.png
2,C:\30by30 images\2\image2142.png
3,C:\30by30 images\3\image3142.png
1,C:\30by30 images\1\image1143.png
2,C:\30by30 images\2\image2143.png
3,C:\30by30 images\3\image3143.png
1,C:\30by30 images\1\image1144.png
2,C:\30by30 images\2\image2144.png
3,C:\30by30 images\3\image3144.png
1,C:\30by30 images\1\image1145.png
2,C:\30by30 images\2\image2145.png
3,C:\30by30 images\3\image3145.png
1,C:\30by30 images\1\image1146.png
2,C:\30by30 images\2\image2146.png
3,C:\30by30 images\3\image3146.png
1,C:\30by30 images\1\image1147.png
2,C:\30by30 images\2\image2147.png
3,C:\30by30 images\3\image3147.png
1,C:\30by30 images\1\image1148.png
2,C:\30by30 images\2\image2148.png
3,C:\30by30 images\3\image3148.png
1,C:\30by30 images\1\image1149.png
2,C:\30by30 images\2\image2149.png
3,C:\30by30 images\3\image3149.png
1,C:\30by30 images\1\image1150.png
2,C:\30by30 images\2\image2150.png
3,C:\30by30 images\3\image3150.png
1,C:\30by30 images\1\image1151.png
2,C:\30by30 images\2\image2151.png
3,C:\30by30 images\3\image3151.png
1,C:\30by30 images\1\image1152.png
2,C:\30by30 images\2\image2152.png
3,C:\30by30 images\3\image3152.png
1,C:\30by30 images\1\image1153.png
2,C:\30by30 images\2\image2153.png
3,C:\30by30 images\3\image3153.png
1,C:\30by30 images\1\image1154.png
2,C:\30by30 images\2\image2154.png
3,C:\30by30 images\3\image3154.png
1,C:\30by30 images\1\image1155.png
2,C:\30by30 images\2\image2155.png
3,C:\30by30 images\3\image3155.png
1,C:\30by30 images\1\image1156.png
2,C:\30by30 images\2\image2156.png
3,C:\30by30 images\3\image3156.png
1,C:\30by30 images\1\image1157.png
2,C:\30by30 images\2\image2157.png
3,C:\30by30 images\3\image3157.png
1,C:\30by30 images\1\image1158.png
2,C:\30by30 images\2\image2158.png
3,C:\30by30 images\3\image3158.png
1,C:\30by30 images\1\image1159.png
2,C:\30by30 images\2\image2159.png
3,C:\30by30 images\3\image3159.png
1,C:\30by30 images\1\image1160.png
2,C:\30by30 images\2\image2160.png
3,C:\30by30 images\3\image3160.png
1,C:\30by30 images\1\image1161.png
2,C:\30by30 images\2\image2161.png
3,C:\30by30 images\3\image3161.png
1,C:\30by30 images\1\image1162.png
2,C:\30by30 images\2\image2162.png
3,C:\30by30 images\3\image3162.png
1,C:\30by30 images\1\image1163.png
2,C:\30by30 images\2\image2163.png
3,C:\30by30 images\3\image3163.png
1,C:\30by30 images\1\image1164.png
2,C:\30by30 images\2\image2164.png
3,C:\30by30 images\3\image3164.png
1,C:\30by30 images\1\image1165.png
2,C:\30by30 images\2\image2165.png
3,C:\30by30 images\3\image3165.png
1,C:\30by30 images\1\image1166.png
2,C:\30by30 images\2\image2166.png
3,C:\30by30 images\3\image3166.png
1,C:\30by30 images\1\image1167.png
2,C:\30by30 images\2\image2167.png
3,C:\30by30 images\3\image3167.png
1,C:\30by30 images\1\image1168.png
2,C:\30by30 images\2\image2168.png
3,C:\30by30 images\3\image3168.png
1,C:\30by30 images\1\image1169.png
2,C:\30by30 images\2\image2169.png
3,C:\30by30 images\3\image3169.png
1,C:\30by30 images\1\image1170.png
2,C:\30by30 images\2\image2170.png
3,C:\30by30 images\3\image3170.png
1,C:\30by30 images\1\image1171.png
2,C:\30by30 images\2\image2171.png
3,C:\30by30 images\3\image3171.png
1,C:\30by30 images\1\image1172.png
2,C:\30by30 images\2\image2172.png
3,C:\30by30 images\3\image3172.png
1,C:\30by30 images\1\image1173.png
2,C:\30by30 images\2\image2173.png
3,C:\30by30 images\3\image3173.png
1,C:\30by30 images\1\image1174.png
2,C:\30by30 images\2\image2174.png
3,C:\30by30 images\3\image3174.png
1,C:\30by30 images\1\image1175.png
2,C:\30by30 images\2\image2175.png
3,C:\30by30 images\3\image3175.png
1,C:\30by30 images\1\image1176.png
2,C:\30by30 images\2\image2176.png
3,C:\30by30 images\3\image3176.png
1,C:\30by30 images\1\image1177.png
2,C:\30by30 images\2\image2177.png
3,C:\30by30 images\3\image3177.png
1,C:\30by30 images\1\image1178.png
2,C:\30by30 images\2\image2178.png
3,C:\30by30 images\3\image3178.png
1,C:\30by30 images\1\image1179.png
2,C:\30by30 images\2\image2179.png
3,C:\30by30 images\3\image3179.png
1,C:\30by30 images\1\image1180.png
2,C:\30by30 images\2\image2180.png
3,C:\30by30 images\3\image3180.png
1,C:\30by30 images\1\image1181.png
2,C:\30by30 images\2\image2181.png
3,C:\30by30 images\3\image3181.png
1,C:\30by30 images\1\image1182.png
2,C:\30by30 images\2\image2182.png
3,C:\30by30 images\3\image3182.png
1,C:\30by30 images\1\image1183.png
2,C:\30by30 images\2\image2183.png
3,C:\30by30 images\3\image3183.png
1,C:\30by30 images\1\image1184.png
2,C:\30by30 images\2\image2184.png
3,C:\30by30 images\3\image3184.png
1,C:\30by30 images\1\image1185.png
2,C:\30by30 images\2\image2185.png
3,C:\30by30 images\3\image3185.png
1,C:\30by30 images\1\image1186.png
2,C:\30by30 images\2\image2186.png
3,C:\30by30 images\3\image3186.png
1,C:\30by30 images\1\image1187.png
2,C:\30by30 images\2\image2187.png
3,C:\30by30 images\3\image3187.png
1,C:\30by30 images\1\image1188.png
2,C:\30by30 images\2\image2188.png
3,C:\30by30 images\3\image3188.png
1,C:\30by30 images\1\image1189.png
2,C:\30by30 images\2\image2189.png
3,C:\30by30 images\3\image3189.png
1,C:\30by30 images\1\image1190.png
2,C:\30by30 images\2\image2190.png
3,C:\30by30 images\3\image3190.png
1,C:\30by30 images\1\image1191.png
2,C:\30by30 images\2\image2191.png
3,C:\30by30 images\3\image3191.png
1,C:\30by30 images\1\image1192.png
2,C:\30by30 images\2\image2192.png
3,C:\30by30 images\3\image3192.png
1,C:\30by30 images\1\image1193.png
2,C:\30by30 images\2\image2193.png
3,C:\30by30 images\3\image3193.png
1,C:\30by30 images\1\image1194.png
2,C:\30by30 images\2\image2194.png
3,C:\30by30 images\3\image3194.png
1,C:\30by30 images\1\image1195.png
2,C:\30by30 images\2\image2195.png
3,C:\30by30 images\3\image3195.png
1,C:\30by30 images\1\image1196.png
2,C:\30by30 images\2\image2196.png
3,C:\30by30 images\3\image3196.png
1,C:\30by30 images\1\image1197.png
2,C:\30by30 images\2\image2197.png
3,C:\30by30 images\3\image3197.png
1,C:\30by30 images\1\image1198.png
2,C:\30by30 images\2\image2198.png
3,C:\30by30 images\3\image3198.png
1,C:\30by30 images\1\image1199.png
2,C:\30by30 images\2\image2199.png
3,C:\30by30 images\3\image3199.png
1,C:\30by30 images\1\image1200.png
2,C:\30by30 images\2\image2200.png
3,C:\30by30 images\3\image3200.png
1,C:\30by30 images\1\image1201.png
2,C:\30by30 images\2\image2201.png
3,C:\30by30 images\3\image3201.png
1,C:\30by30 images\1\image1202.png
2,C:\30by30 images\2\image2202.png
3,C:\30by30 images\3\image3202.png
1,C:\30by30 images\1\image1203.png
2,C:\30by30 images\2\image2203.png
3,C:\30by30 images\3\image3203.png
1,C:\30by30 images\1\image1204.png
2,C:\30by30 images\2\image2204.png
3,C:\30by30 images\3\image3204.png
1,C:\30by30 images\1\image1205.png
2,C:\30by30 images\2\image2205.png
3,C:\30by30 images\3\image3205.png
1,C:\30by30 images\1\image1206.png
2,C:\30by30 images\2\image2206.png
3,C:\30by30 images\3\image3206.png
1,C:\30by30 images\1\image1207.png
2,C:\30by30 images\2\image2207.png
3,C:\30by30 images\3\image3207.png
1,C:\30by30 images\1\image1208.png
2,C:\30by30 images\2\image2208.png
3,C:\30by30 images\3\image3208.png
1,C:\30by30 images\1\image1209.png
2,C:\30by30 images\2\image2209.png
3,C:\30by30 images\3\image3209.png
1,C:\30by30 images\1\image1210.png
2,C:\30by30 images\2\image2210.png
3,C:\30by30 images\3\image3210.png
1,C:\30by30 images\1\image1211.png
2,C:\30by30 images\2\image2211.png
3,C:\30by30 images\3\image3211.png
1,C:\30by30 images\1\image1212.png
2,C:\30by30 images\2\image2212.png
3,C:\30by30 images\3\image3212.png
1,C:\30by30 images\1\image1213.png
2,C:\30by30 images\2\image2213.png
3,C:\30by30 images\3\image3213.png
1,C:\30by30 images\1\image1214.png
2,C:\30by30 images\2\image2214.png
3,C:\30by30 images\3\image3214.png
1,C:\30by30 images\1\image1215.png
2,C:\30by30 images\2\image2215.png
3,C:\30by30 images\3\image3215.png
1,C:\30by30 images\1\image1216.png
2,C:\30by30 images\2\image2216.png
3,C:\30by30 images\3\image3216.png
1,C:\30by30 images\1\image1217.png
2,C:\30by30 images\2\image2217.png
3,C:\30by30 images\3\image3217.png
1,C:\30by30 images\1\image1218.png
2,C:\30by30 images\2\image2218.png
3,C:\30by30 images\3\image3218.png
1,C:\30by30 images\1\image1219.png
2,C:\30by30 images\2\image2219.png
3,C:\30by30 images\3\image3219.png
1,C:\30by30 images\1\image1220.png
2,C:\30by30 images\2\image2220.png
3,C:\30by30 images\3\image3220.png
1,C:\30by30 images\1\image1221.png
2,C:\30by30 images\2\image2221.png
3,C:\30by30 images\3\image3221.png
1,C:\30by30 images\1\image1222.png
2,C:\30by30 images\2\image2222.png
3,C:\30by30 images\3\image3222.png
1,C:\30by30 images\1\image1223.png
2,C:\30by30 images\2\image2223.png
3,C:\30by30 images\3\image3223.png
1,C:\30by30 images\1\image1224.png
2,C:\30by30 images\2\image2224.png
3,C:\30by30 images\3\image3224.png
1,C:\30by30 images\1\image1225.png
2,C:\30by30 images\2\image2225.png
3,C:\30by30 images\3\image3225.png
1,C:\30by30 images\1\image1226.png
2,C:\30by30 images\2\image2226.png
3,C:\30by30 images\3\image3226.png
1,C:\30by30 images\1\image1227.png
2,C:\30by30 images\2\image2227.png
3,C:\30by30 images\3\image3227.png
1,C:\30by30 images\1\image1228.png
2,C:\30by30 images\2\image2228.png
3,C:\30by30 images\3\image3228.png
1,C:\30by30 images\1\image1229.png
2,C:\30by30 images\2\image2229.png
3,C:\30by30 images\3\image3229.png
1,C:\30by30 images\1\image1230.png
2,C:\30by30 images\2\image2230.png
3,C:\30by30 images\3\image3230.png
1,C:\30by30 images\1\image1231.png
2,C:\30by30 images\2\image2231.png
3,C:\30by30 images\3\image3231.png
1,C:\30by30 images\1\image1232.png
2,C:\30by30 images\2\image2232.png
3,C:\30by30 images\3\image3232.png
1,C:\30by30 images\1\image1233.png
2,C:\30by30 images\2\image2233.png
3,C:\30by30 images\3\image3233.png
1,C:\30by30 images\1\image1234.png
2,C:\30by30 images\2\image2234.png
3,C:\30by30 images\3\image3234.png
1,C:\30by30 images\1\image1235.png
2,C:\30by30 images\2\image2235.png
3,C:\30by30 images\3\image3235.png
1,C:\30by30 images\1\image1236.png
2,C:\30by30 images\2\image2236.png
3,C:\30by30 images\3\image3236.png
1,C:\30by30 images\1\image1237.png
2,C:\30by30 images\2\image2237.png
3,C:\30by30 images\3\image3237.png
1,C:\30by30 images\1\image1238.png
2,C:\30by30 images\2\image2238.png
3,C:\30by30 images\3\image3238.png
1,C:\30by30 images\1\image1239.png
2,C:\30by30 images\2\image2239.png
3,C:\30by30 images\3\image3239.png
1,C:\30by30 images\1\image1240.png
2,C:\30by30 images\2\image2240.png
3,C:\30by30 images\3\image3240.png
1,C:\30by30 images\1\image1241.png
2,C:\30by30 images\2\image2241.png
3,C:\30by30 images\3\image3241.png
1,C:\30by30 images\1\image1242.png
2,C:\30by30 images\2\image2242.png
3,C:\30by30 images\3\image3242.png
1,C:\30by30 images\1\image1243.png
2,C:\30by30 images\2\image2243.png
3,C:\30by30 images\3\image3243.png
1,C:\30by30 images\1\image1244.png
2,C:\30by30 images\2\image2244.png
3,C:\30by30 images\3\image3244.png
1,C:\30by30 images\1\image1245.png
2,C:\30by30 images\2\image2245.png
3,C:\30by30 images\3\image3245.png
1,C:\30by30 images\1\image1246.png
2,C:\30by30 images\2\image2246.png
3,C:\30by30 images\3\image3246.png
1,C:\30by30 images\1\image1247.png
2,C:\30by30 images\2\image2247.png
3,C:\30by30 images\3\image3247.png
1,C:\30by30 images\1\image1248.png
2,C:\30by30 images\2\image2248.png
3,C:\30by30 images\3\image3248.png
1,C:\30by30 images\1\image1249.png
2,C:\30by30 images\2\image2249.png
3,C:\30by30 images\3\image3249.png
1,C:\30by30 images\1\image1250.png
2,C:\30by30 images\2\image2250.png
3,C:\30by30 images\3\image3250.png
1,C:\30by30 images\1\image1251.png
2,C:\30by30 images\2\image2251.png
3,C:\30by30 images\3\image3251.png
1,C:\30by30 images\1\image1252.png
2,C:\30by30 images\2\image2252.png
3,C:\30by30 images\3\image3252.png
1,C:\30by30 images\1\image1253.png
2,C:\30by30 images\2\image2253.png
3,C:\30by30 images\3\image3253.png
1,C:\30by30 images\1\image1254.png
2,C:\30by30 images\2\image2254.png
3,C:\30by30 images\3\image3254.png
1,C:\30by30 images\1\image1255.png
2,C:\30by30 images\2\image2255.png
3,C:\30by30 images\3\image3255.png
1,C:\30by30 images\1\image1256.png
2,C:\30by30 images\2\image2256.png
3,C:\30by30 images\3\image3256.png
1,C:\30by30 images\1\image1257.png
2,C:\30by30 images\2\image2257.png
3,C:\30by30 images\3\image3257.png
1,C:\30by30 images\1\image1258.png
2,C:\30by30 images\2\image2258.png
3,C:\30by30 images\3\image3258.png
1,C:\30by30 images\1\image1259.png
2,C:\30by30 images\2\image2259.png
3,C:\30by30 images\3\image3259.png
1,C:\30by30 images\1\image1260.png
2,C:\30by30 images\2\image2260.png
3,C:\30by30 images\3\image3260.png
1,C:\30by30 images\1\image1261.png
2,C:\30by30 images\2\image2261.png
3,C:\30by30 images\3\image3261.png
1,C:\30by30 images\1\image1262.png
2,C:\30by30 images\2\image2262.png
3,C:\30by30 images\3\image3262.png
1,C:\30by30 images\1\image1263.png
2,C:\30by30 images\2\image2263.png
3,C:\30by30 images\3\image3263.png
1,C:\30by30 images\1\image1264.png
2,C:\30by30 images\2\image2264.png
3,C:\30by30 images\3\image3264.png
1,C:\30by30 images\1\image1265.png
2,C:\30by30 images\2\image2265.png
3,C:\30by30 images\3\image3265.png
1,C:\30by30 images\1\image1266.png
2,C:\30by30 images\2\image2266.png
3,C:\30by30 images\3\image3266.png
1,C:\30by30 images\1\image1267.png
2,C:\30by30 images\2\image2267.png
3,C:\30by30 images\3\image3267.png
1,C:\30by30 images\1\image1268.png
2,C:\30by30 images\2\image2268.png
3,C:\30by30 images\3\image3268.png
1,C:\30by30 images\1\image1269.png
2,C:\30by30 images\2\image2269.png
3,C:\30by30 images\3\image3269.png
1,C:\30by30 images\1\image1270.png
2,C:\30by30 images\2\image2270.png
3,C:\30by30 images\3\image3270.png
1,C:\30by30 images\1\image1271.png
2,C:\30by30 images\2\image2271.png
3,C:\30by30 images\3\image3271.png
1,C:\30by30 images\1\image1272.png
2,C:\30by30 images\2\image2272.png
3,C:\30by30 images\3\image3272.png
1,C:\30by30 images\1\image1273.png
2,C:\30by30 images\2\image2273.png
3,C:\30by30 images\3\image3273.png
1,C:\30by30 images\1\image1274.png
2,C:\30by30 images\2\image2274.png
3,C:\30by30 images\3\image3274.png
1,C:\30by30 images\1\image1275.png
2,C:\30by30 images\2\image2275.png
3,C:\30by30 images\3\image3275.png
1,C:\30by30 images\1\image1276.png
2,C:\30by30 images\2\image2276.png
3,C:\30by30 images\3\image3276.png
1,C:\30by30 images\1\image1277.png
2,C:\30by30 images\2\image2277.png
3,C:\30by30 images\3\image3277.png
1,C:\30by30 images\1\image1278.png
2,C:\30by30 images\2\image2278.png
3,C:\30by30 images\3\image3278.png
1,C:\30by30 images\1\image1279.png
2,C:\30by30 images\2\image2279.png
3,C:\30by30 images\3\image3279.png
1,C:\30by30 images\1\image1280.png
2,C:\30by30 images\2\image2280.png
3,C:\30by30 images\3\image3280.png
1,C:\30by30 images\1\image1281.png
2,C:\30by30 images\2\image2281.png
3,C:\30by30 images\3\image3281.png
1,C:\30by30 images\1\image1282.png
2,C:\30by30 images\2\image2282.png
3,C:\30by30 images\3\image3282.png
1,C:\30by30 images\1\image1283.png
2,C:\30by30 images\2\image2283.png
3,C:\30by30 images\3\image3283.png
1,C:\30by30 images\1\image1284.png
2,C:\30by30 images\2\image2284.png
3,C:\30by30 images\3\image3284.png
1,C:\30by30 images\1\image1285.png
2,C:\30by30 images\2\image2285.png
3,C:\30by30 images\3\image3285.png
1,C:\30by30 images\1\image1286.png
2,C:\30by30 images\2\image2286.png
3,C:\30by30 images\3\image3286.png
1,C:\30by30 images\1\image1287.png
2,C:\30by30 images\2\image2287.png
3,C:\30by30 images\3\image3287.png
1,C:\30by30 images\1\image1288.png
2,C:\30by30 images\2\image2288.png
3,C:\30by30 images\3\image3288.png
1,C:\30by30 images\1\image1289.png
2,C:\30by30 images\2\image2289.png
3,C:\30by30 images\3\image3289.png
1,C:\30by30 images\1\image1290.png
2,C:\30by30 images\2\image2290.png
3,C:\30by30 images\3\image3290.png
1,C:\30by30 images\1\image1291.png
2,C:\30by30 images\2\image2291.png
3,C:\30by30 images\3\image3291.png
1,C:\30by30 images\1\image1292.png
2,C:\30by30 images\2\image2292.png
3,C:\30by30 images\3\image3292.png
1,C:\30by30 images\1\image1293.png
2,C:\30by30 images\2\image2293.png
3,C:\30by30 images\3\image3293.png
1,C:\30by30 images\1\image1294.png
2,C:\30by30 images\2\image2294.png
3,C:\30by30 images\3\image3294.png
1,C:\30by30 images\1\image1295.png
2,C:\30by30 images\2\image2295.png
3,C:\30by30 images\3\image3295.png
1,C:\30by30 images\1\image1296.png
2,C:\30by30 images\2\image2296.png
3,C:\30by30 images\3\image3296.png
1,C:\30by30 images\1\image1297.png
2,C:\30by30 images\2\image2297.png
3,C:\30by30 images\3\image3297.png
1,C:\30by30 images\1\image1298.png
2,C:\30by30 images\2\image2298.png
3,C:\30by30 images\3\image3298.png
1,C:\30by30 images\1\image1299.png
2,C:\30by30 images\2\image2299.png
3,C:\30by30 images\3\image3299.png
1,C:\30by30 images\1\image1300.png
2,C:\30by30 images\2\image2300.png
3,C:\30by30 images\3\image3300.png
1,C:\30by30 images\1\image1301.png
2,C:\30by30 images\2\image2301.png
3,C:\30by30 images\3\image3301.png
1,C:\30by30 images\1\image1302.png
2,C:\30by30 images\2\image2302.png
3,C:\30by30 images\3\image3302.png
1,C:\30by30 images\1\image1303.png
2,C:\30by30 images\2\image2303.png
3,C:\30by30 images\3\image3303.png
1,C:\30by30 images\1\image1304.png
2,C:\30by30 images\2\image2304.png
3,C:\30by30 images\3\image3304.png
1,C:\30by30 images\1\image1305.png
2,C:\30by30 images\2\image2305.png
3,C:\30by30 images\3\image3305.png
1,C:\30by30 images\1\image1306.png
2,C:\30by30 images\2\image2306.png
3,C:\30by30 images\3\image3306.png
1,C:\30by30 images\1\image1307.png
2,C:\30by30 images\2\image2307.png
3,C:\30by30 images\3\image3307.png
1,C:\30by30 images\1\image1308.png
2,C:\30by30 images\2\image2308.png
3,C:\30by30 images\3\image3308.png
1,C:\30by30 images\1\image1309.png
2,C:\30by30 images\2\image2309.png
3,C:\30by30 images\3\image3309.png
1,C:\30by30 images\1\image1310.png
2,C:\30by30 images\2\image2310.png
3,C:\30by30 images\3\image3310.png
1,C:\30by30 images\1\image1311.png
2,C:\30by30 images\2\image2311.png
3,C:\30by30 images\3\image3311.png
1,C:\30by30 images\1\image1312.png
2,C:\30by30 images\2\image2312.png
3,C:\30by30 images\3\image3312.png
1,C:\30by30 images\1\image1313.png
2,C:\30by30 images\2\image2313.png
3,C:\30by30 images\3\image3313.png
1,C:\30by30 images\1\image1314.png
2,C:\30by30 images\2\image2314.png
3,C:\30by30 images\3\image3314.png
1,C:\30by30 images\1\image1315.png
2,C:\30by30 images\2\image2315.png
3,C:\30by30 images\3\image3315.png
1,C:\30by30 images\1\image1316.png
2,C:\30by30 images\2\image2316.png
3,C:\30by30 images\3\image3316.png
1,C:\30by30 images\1\image1317.png
2,C:\30by30 images\2\image2317.png
3,C:\30by30 images\3\image3317.png
1,C:\30by30 images\1\image1318.png
2,C:\30by30 images\2\image2318.png
3,C:\30by30 images\3\image3318.png
1,C:\30by30 images\1\image1319.png
2,C:\30by30 images\2\image2319.png
3,C:\30by30 images\3\image3319.png
1,C:\30by30 images\1\image1320.png
2,C:\30by30 images\2\image2320.png
3,C:\30by30 images\3\image3320.png
1,C:\30by30 images\1\image1321.png
2,C:\30by30 images\2\image2321.png
3,C:\30by30 images\3\image3321.png
1,C:\30by30 images\1\image1322.png
2,C:\30by30 images\2\image2322.png
3,C:\30by30 images\3\image3322.png
1,C:\30by30 images\1\image1323.png
2,C:\30by30 images\2\image2323.png
3,C:\30by30 images\3\image3323.png
1,C:\30by30 images\1\image1324.png
2,C:\30by30 images\2\image2324.png
3,C:\30by30 images\3\image3324.png
1,C:\30by30 images\1\image1325.png
2,C:\30by30 images\2\image2325.png
3,C:\30by30 images\3\image3325.png
1,C:\30by30 images\1\image1326.png
2,C:\30by30 images\2\image2326.png
3,C:\30by30 images\3\image3326.png
1,C:\30by30 images\1\image1327.png
2,C:\30by30 images\2\image2327.png
3,C:\30by30 images\3\image3327.png
1,C:\30by30 images\1\image1328.png
2,C:\30by30 images\2\image2328.png
3,C:\30by30 images\3\image3328.png
1,C:\30by30 images\1\image1329.png
2,C:\30by30 images\2\image2329.png
3,C:\30by30 images\3\image3329.png
1,C:\30by30 images\1\image1330.png
2,C:\30by30 images\2\image2330.png
3,C:\30by30 images\3\image3330.png
1,C:\30by30 images\1\image1331.png
2,C:\30by30 images\2\image2331.png
3,C:\30by30 images\3\image3331.png
1,C:\30by30 images\1\image1332.png
2,C:\30by30 images\2\image2332.png
3,C:\30by30 images\3\image3332.png
1,C:\30by30 images\1\image1333.png
2,C:\30by30 images\2\image2333.png
3,C:\30by30 images\3\image3333.png
1,C:\30by30 images\1\image1334.png
2,C:\30by30 images\2\image2334.png
3,C:\30by30 images\3\image3334.png
1,C:\30by30 images\1\image1335.png
2,C:\30by30 images\2\image2335.png
3,C:\30by30 images\3\image3335.png
1,C:\30by30 images\1\image1336.png
2,C:\30by30 images\2\image2336.png
3,C:\30by30 images\3\image3336.png
1,C:\30by30 images\1\image1337.png
2,C:\30by30 images\2\image2337.png
3,C:\30by30 images\3\image3337.png
1,C:\30by30 images\1\image1338.png
2,C:\30by30 images\2\image2338.png
3,C:\30by30 images\3\image3338.png
1,C:\30by30 images\1\image1339.png
2,C:\30by30 images\2\image2339.png
3,C:\30by30 images\3\image3339.png
1,C:\30by30 images\1\image1340.png
2,C:\30by30 images\2\image2340.png
3,C:\30by30 images\3\image3340.png
1,C:\30by30 images\1\image1341.png
2,C:\30by30 images\2\image2341.png
3,C:\30by30 images\3\image3341.png
1,C:\30by30 images\1\image1342.png
2,C:\30by30 images\2\image2342.png
3,C:\30by30 images\3\image3342.png
1,C:\30by30 images\1\image1343.png
2,C:\30by30 images\2\image2343.png
3,C:\30by30 images\3\image3343.png
1,C:\30by30 images\1\image1344.png
2,C:\30by30 images\2\image2344.png
3,C:\30by30 images\3\image3344.png
1,C:\30by30 images\1\image1345.png
2,C:\30by30 images\2\image2345.png
3,C:\30by30 images\3\image3345.png
1,C:\30by30 images\1\image1346.png
2,C:\30by30 images\2\image2346.png
3,C:\30by30 images\3\image3346.png
1,C:\30by30 images\1\image1347.png
2,C:\30by30 images\2\image2347.png
3,C:\30by30 images\3\image3347.png
1,C:\30by30 images\1\image1348.png
2,C:\30by30 images\2\image2348.png
3,C:\30by30 images\3\image3348.png
1,C:\30by30 images\1\image1349.png
2,C:\30by30 images\2\image2349.png
3,C:\30by30 images\3\image3349.png
1,C:\30by30 images\1\image1350.png
2,C:\30by30 images\2\image2350.png
3,C:\30by30 images\3\image3350.png
1,C:\30by30 images\1\image1351.png
2,C:\30by30 images\2\image2351.png
3,C:\30by30 images\3\image3351.png
1,C:\30by30 images\1\image1352.png
2,C:\30by30 images\2\image2352.png
3,C:\30by30 images\3\image3352.png
1,C:\30by30 images\1\image1353.png
2,C:\30by30 images\2\image2353.png
3,C:\30by30 images\3\image3353.png
1,C:\30by30 images\1\image1354.png
2,C:\30by30 images\2\image2354.png
3,C:\30by30 images\3\image3354.png
1,C:\30by30 images\1\image1355.png
2,C:\30by30 images\2\image2355.png
3,C:\30by30 images\3\image3355.png
1,C:\30by30 images\1\image1356.png
2,C:\30by30 images\2\image2356.png
3,C:\30by30 images\3\image3356.png
1,C:\30by30 images\1\image1357.png
2,C:\30by30 images\2\image2357.png
3,C:\30by30 images\3\image3357.png
1,C:\30by30 images\1\image1358.png
2,C:\30by30 images\2\image2358.png
3,C:\30by30 images\3\image3358.png
1,C:\30by30 images\1\image1359.png
2,C:\30by30 images\2\image2359.png
3,C:\30by30 images\3\image3359.png
1,C:\30by30 images\1\image1360.png
2,C:\30by30 images\2\image2360.png
3,C:\30by30 images\3\image3360.png
1,C:\30by30 images\1\image1361.png
2,C:\30by30 images\2\image2361.png
3,C:\30by30 images\3\image3361.png
1,C:\30by30 images\1\image1362.png
2,C:\30by30 images\2\image2362.png
3,C:\30by30 images\3\image3362.png
1,C:\30by30 images\1\image1363.png
2,C:\30by30 images\2\image2363.png
3,C:\30by30 images\3\image3363.png
1,C:\30by30 images\1\image1364.png
2,C:\30by30 images\2\image2364.png
3,C:\30by30 images\3\image3364.png
1,C:\30by30 images\1\image1365.png
2,C:\30by30 images\2\image2365.png
3,C:\30by30 images\3\image3365.png
1,C:\30by30 images\1\image1366.png
2,C:\30by30 images\2\image2366.png
3,C:\30by30 images\3\image3366.png
1,C:\30by30 images\1\image1367.png
2,C:\30by30 images\2\image2367.png
3,C:\30by30 images\3\image3367.png
1,C:\30by30 images\1\image1368.png
2,C:\30by30 images\2\image2368.png
3,C:\30by30 images\3\image3368.png
1,C:\30by30 images\1\image1369.png
2,C:\30by30 images\2\image2369.png
3,C:\30by30 images\3\image3369.png
1,C:\30by30 images\1\image1370.png
2,C:\30by30 images\2\image2370.png
3,C:\30by30 images\3\image3370.png
1,C:\30by30 images\1\image1371.png
2,C:\30by30 images\2\image2371.png
3,C:\30by30 images\3\image3371.png
1,C:\30by30 images\1\image1372.png
2,C:\30by30 images\2\image2372.png
3,C:\30by30 images\3\image3372.png
1,C:\30by30 images\1\image1373.png
2,C:\30by30 images\2\image2373.png
3,C:\30by30 images\3\image3373.png
1,C:\30by30 images\1\image1374.png
2,C:\30by30 images\2\image2374.png
3,C:\30by30 images\3\image3374.png
1,C:\30by30 images\1\image1375.png
2,C:\30by30 images\2\image2375.png
3,C:\30by30 images\3\image3375.png
1,C:\30by30 images\1\image1376.png
2,C:\30by30 images\2\image2376.png
3,C:\30by30 images\3\image3376.png
1,C:\30by30 images\1\image1377.png
2,C:\30by30 images\2\image2377.png
3,C:\30by30 images\3\image3377.png
1,C:\30by30 images\1\image1378.png
2,C:\30by30 images\2\image2378.png
3,C:\30by30 images\3\image3378.png
1,C:\30by30 images\1\image1379.png
2,C:\30by30 images\2\image2379.png
3,C:\30by30 images\3\image3379.png
1,C:\30by30 images\1\image1380.png
2,C:\30by30 images\2\image2380.png
3,C:\30by30 images\3\image3380.png
1,C:\30by30 images\1\image1381.png
2,C:\30by30 images\2\image2381.png
3,C:\30by30 images\3\image3381.png
1,C:\30by30 images\1\image1382.png
2,C:\30by30 images\2\image2382.png
3,C:\30by30 images\3\image3382.png
1,C:\30by30 images\1\image1383.png
2,C:\30by30 images\2\image2383.png
3,C:\30by30 images\3\image3383.png
1,C:\30by30 images\1\image1384.png
2,C:\30by30 images\2\image2384.png
3,C:\30by30 images\3\image3384.png
1,C:\30by30 images\1\image1385.png
2,C:\30by30 images\2\image2385.png
3,C:\30by30 images\3\image3385.png
1,C:\30by30 images\1\image1386.png
2,C:\30by30 images\2\image2386.png
3,C:\30by30 images\3\image3386.png
1,C:\30by30 images\1\image1387.png
2,C:\30by30 images\2\image2387.png
3,C:\30by30 images\3\image3387.png
1,C:\30by30 images\1\image1388.png
2,C:\30by30 images\2\image2388.png
3,C:\30by30 images\3\image3388.png
1,C:\30by30 images\1\image1389.png
2,C:\30by30 images\2\image2389.png
3,C:\30by30 images\3\image3389.png
1,C:\30by30 images\1\image1390.png
2,C:\30by30 images\2\image2390.png
3,C:\30by30 images\3\image3390.png
1,C:\30by30 images\1\image1391.png
2,C:\30by30 images\2\image2391.png
3,C:\30by30 images\3\image3391.png
1,C:\30by30 images\1\image1392.png
2,C:\30by30 images\2\image2392.png
3,C:\30by30 images\3\image3392.png
1,C:\30by30 images\1\image1393.png
2,C:\30by30 images\2\image2393.png
3,C:\30by30 images\3\image3393.png
1,C:\30by30 images\1\image1394.png
2,C:\30by30 images\2\image2394.png
3,C:\30by30 images\3\image3394.png
1,C:\30by30 images\1\image1395.png
2,C:\30by30 images\2\image2395.png
3,C:\30by30 images\3\image3395.png
1,C:\30by30 images\1\image1396.png
2,C:\30by30 images\2\image2396.png
3,C:\30by30 images\3\image3396.png
1,C:\30by30 images\1\image1397.png
2,C:\30by30 images\2\image2397.png
3,C:\30by30 images\3\image3397.png
1,C:\30by30 images\1\image1398.png
2,C:\30by30 images\2\image2398.png
3,C:\30by30 images\3\image3398.png
1,C:\30by30 images\1\image1399.png
2,C:\30by30 images\2\image2399.png
3,C:\30by30 images\3\image3399.png
1,C:\30by30 images\1\image1400.png
2,C:\30by30 images\2\image2400.png
3,C:\30by30 images\3\image3400.png
1,C:\30by30 images\1\image1401.png
2,C:\30by30 images\2\image2401.png
3,C:\30by30 images\3\image3401.png
1,C:\30by30 images\1\image1402.png
2,C:\30by30 images\2\image2402.png
3,C:\30by30 images\3\image3402.png
1,C:\30by30 images\1\image1403.png
2,C:\30by30 images\2\image2403.png
3,C:\30by30 images\3\image3403.png
1,C:\30by30 images\1\image1404.png
2,C:\30by30 images\2\image2404.png
3,C:\30by30 images\3\image3404.png
1,C:\30by30 images\1\image1405.png
2,C:\30by30 images\2\image2405.png
3,C:\30by30 images\3\image3405.png
1,C:\30by30 images\1\image1406.png
2,C:\30by30 images\2\image2406.png
3,C:\30by30 images\3\image3406.png
1,C:\30by30 images\1\image1407.png
2,C:\30by30 images\2\image2407.png
3,C:\30by30 images\3\image3407.png
1,C:\30by30 images\1\image1408.png
2,C:\30by30 images\2\image2408.png
3,C:\30by30 images\3\image3408.png
1,C:\30by30 images\1\image1409.png
2,C:\30by30 images\2\image2409.png
3,C:\30by30 images\3\image3409.png
1,C:\30by30 images\1\image1410.png
2,C:\30by30 images\2\image2410.png
3,C:\30by30 images\3\image3410.png
1,C:\30by30 images\1\image1411.png
2,C:\30by30 images\2\image2411.png
3,C:\30by30 images\3\image3411.png
1,C:\30by30 images\1\image1412.png
2,C:\30by30 images\2\image2412.png
3,C:\30by30 images\3\image3412.png
1,C:\30by30 images\1\image1413.png
2,C:\30by30 images\2\image2413.png
3,C:\30by30 images\3\image3413.png
1,C:\30by30 images\1\image1414.png
2,C:\30by30 images\2\image2414.png
3,C:\30by30 images\3\image3414.png
1,C:\30by30 images\1\image1415.png
2,C:\30by30 images\2\image2415.png
3,C:\30by30 images\3\image3415.png
1,C:\30by30 images\1\image1416.png
2,C:\30by30 images\2\image2416.png
3,C:\30by30 images\3\image3416.png
1,C:\30by30 images\1\image1417.png
2,C:\30by30 images\2\image2417.png
3,C:\30by30 images\3\image3417.png
1,C:\30by30 images\1\image1418.png
2,C:\30by30 images\2\image2418.png
3,C:\30by30 images\3\image3418.png
1,C:\30by30 images\1\image1419.png
2,C:\30by30 images\2\image2419.png
3,C:\30by30 images\3\image3419.png
1,C:\30by30 images\1\image1420.png
2,C:\30by30 images\2\image2420.png
3,C:\30by30 images\3\image3420.png
1,C:\30by30 images\1\image1421.png
2,C:\30by30 images\2\image2421.png
3,C:\30by30 images\3\image3421.png
1,C:\30by30 images\1\image1422.png
2,C:\30by30 images\2\image2422.png
3,C:\30by30 images\3\image3422.png
1,C:\30by30 images\1\image1423.png
2,C:\30by30 images\2\image2423.png
3,C:\30by30 images\3\image3423.png
1,C:\30by30 images\1\image1424.png
2,C:\30by30 images\2\image2424.png
3,C:\30by30 images\3\image3424.png
1,C:\30by30 images\1\image1425.png
2,C:\30by30 images\2\image2425.png
3,C:\30by30 images\3\image3425.png
1,C:\30by30 images\1\image1426.png
2,C:\30by30 images\2\image2426.png
3,C:\30by30 images\3\image3426.png
1,C:\30by30 images\1\image1427.png
2,C:\30by30 images\2\image2427.png
3,C:\30by30 images\3\image3427.png
1,C:\30by30 images\1\image1428.png
2,C:\30by30 images\2\image2428.png
3,C:\30by30 images\3\image3428.png
1,C:\30by30 images\1\image1429.png
2,C:\30by30 images\2\image2429.png
3,C:\30by30 images\3\image3429.png
1,C:\30by30 images\1\image1430.png
2,C:\30by30 images\2\image2430.png
3,C:\30by30 images\3\image3430.png
1,C:\30by30 images\1\image1431.png
2,C:\30by30 images\2\image2431.png
3,C:\30by30 images\3\image3431.png
1,C:\30by30 images\1\image1432.png
2,C:\30by30 images\2\image2432.png
3,C:\30by30 images\3\image3432.png
1,C:\30by30 images\1\image1433.png
2,C:\30by30 images\2\image2433.png
3,C:\30by30 images\3\image3433.png
1,C:\30by30 images\1\image1434.png
2,C:\30by30 images\2\image2434.png
3,C:\30by30 images\3\image3434.png
1,C:\30by30 images\1\image1435.png
2,C:\30by30 images\2\image2435.png
3,C:\30by30 images\3\image3435.png
1,C:\30by30 images\1\image1436.png
2,C:\30by30 images\2\image2436.png
3,C:\30by30 images\3\image3436.png
1,C:\30by30 images\1\image1437.png
2,C:\30by30 images\2\image2437.png
3,C:\30by30 images\3\image3437.png
1,C:\30by30 images\1\image1438.png
2,C:\30by30 images\2\image2438.png
3,C:\30by30 images\3\image3438.png
1,C:\30by30 images\1\image1439.png
2,C:\30by30 images\2\image2439.png
3,C:\30by30 images\3\image3439.png
1,C:\30by30 images\1\image1440.png
2,C:\30by30 images\2\image2440.png
3,C:\30by30 images\3\image3440.png
1,C:\30by30 images\1\image1441.png
2,C:\30by30 images\2\image2441.png
3,C:\30by30 images\3\image3441.png
1,C:\30by30 images\1\image1442.png
2,C:\30by30 images\2\image2442.png
3,C:\30by30 images\3\image3442.png
1,C:\30by30 images\1\image1443.png
2,C:\30by30 images\2\image2443.png
3,C:\30by30 images\3\image3443.png
1,C:\30by30 images\1\image1444.png
2,C:\30by30 images\2\image2444.png
3,C:\30by30 images\3\image3444.png
1,C:\30by30 images\1\image1445.png
2,C:\30by30 images\2\image2445.png
3,C:\30by30 images\3\image3445.png
1,C:\30by30 images\1\image1446.png
2,C:\30by30 images\2\image2446.png
3,C:\30by30 images\3\image3446.png
1,C:\30by30 images\1\image1447.png
2,C:\30by30 images\2\image2447.png
3,C:\30by30 images\3\image3447.png
1,C:\30by30 images\1\image1448.png
2,C:\30by30 images\2\image2448.png
3,C:\30by30 images\3\image3448.png
1,C:\30by30 images\1\image1449.png
2,C:\30by30 images\2\image2449.png
3,C:\30by30 images\3\image3449.png
1,C:\30by30 images\1\image1450.png
2,C:\30by30 images\2\image2450.png
3,C:\30by30 images\3\image3450.png
1,C:\30by30 images\1\image1451.png
2,C:\30by30 images\2\image2451.png
3,C:\30by30 images\3\image3451.png
1,C:\30by30 images\1\image1452.png
2,C:\30by30 images\2\image2452.png
3,C:\30by30 images\3\image3452.png
1,C:\30by30 images\1\image1453.png
2,C:\30by30 images\2\image2453.png
3,C:\30by30 images\3\image3453.png
1,C:\30by30 images\1\image1454.png
2,C:\30by30 images\2\image2454.png
3,C:\30by30 images\3\image3454.png
1,C:\30by30 images\1\image1455.png
2,C:\30by30 images\2\image2455.png
3,C:\30by30 images\3\image3455.png
1,C:\30by30 images\1\image1456.png
2,C:\30by30 images\2\image2456.png
3,C:\30by30 images\3\image3456.png
1,C:\30by30 images\1\image1457.png
2,C:\30by30 images\2\image2457.png
3,C:\30by30 images\3\image3457.png
1,C:\30by30 images\1\image1458.png
2,C:\30by30 images\2\image2458.png
3,C:\30by30 images\3\image3458.png
1,C:\30by30 images\1\image1459.png
2,C:\30by30 images\2\image2459.png
3,C:\30by30 images\3\image3459.png
1,C:\30by30 images\1\image1460.png
2,C:\30by30 images\2\image2460.png
3,C:\30by30 images\3\image3460.png
1,C:\30by30 images\1\image1461.png
2,C:\30by30 images\2\image2461.png
3,C:\30by30 images\3\image3461.png
1,C:\30by30 images\1\image1462.png
2,C:\30by30 images\2\image2462.png
3,C:\30by30 images\3\image3462.png
1,C:\30by30 images\1\image1463.png
2,C:\30by30 images\2\image2463.png
3,C:\30by30 images\3\image3463.png
1,C:\30by30 images\1\image1464.png
2,C:\30by30 images\2\image2464.png
3,C:\30by30 images\3\image3464.png
1,C:\30by30 images\1\image1465.png
2,C:\30by30 images\2\image2465.png
3,C:\30by30 images\3\image3465.png
1,C:\30by30 images\1\image1466.png
2,C:\30by30 images\2\image2466.png
3,C:\30by30 images\3\image3466.png
1,C:\30by30 images\1\image1467.png
2,C:\30by30 images\2\image2467.png
3,C:\30by30 images\3\image3467.png
1,C:\30by30 images\1\image1468.png
2,C:\30by30 images\2\image2468.png
3,C:\30by30 images\3\image3468.png
1,C:\30by30 images\1\image1469.png
2,C:\30by30 images\2\image2469.png
3,C:\30by30 images\3\image3469.png
1,C:\30by30 images\1\image1470.png
2,C:\30by30 images\2\image2470.png
3,C:\30by30 images\3\image3470.png
1,C:\30by30 images\1\image1471.png
2,C:\30by30 images\2\image2471.png
3,C:\30by30 images\3\image3471.png
1,C:\30by30 images\1\image1472.png
2,C:\30by30 images\2\image2472.png
3,C:\30by30 images\3\image3472.png
1,C:\30by30 images\1\image1473.png
2,C:\30by30 images\2\image2473.png
3,C:\30by30 images\3\image3473.png
1,C:\30by30 images\1\image1474.png
2,C:\30by30 images\2\image2474.png
3,C:\30by30 images\3\image3474.png
1,C:\30by30 images\1\image1475.png
2,C:\30by30 images\2\image2475.png
3,C:\30by30 images\3\image3475.png
1,C:\30by30 images\1\image1476.png
2,C:\30by30 images\2\image2476.png
3,C:\30by30 images\3\image3476.png
1,C:\30by30 images\1\image1477.png
2,C:\30by30 images\2\image2477.png
3,C:\30by30 images\3\image3477.png
1,C:\30by30 images\1\image1478.png
2,C:\30by30 images\2\image2478.png
3,C:\30by30 images\3\image3478.png
1,C:\30by30 images\1\image1479.png
2,C:\30by30 images\2\image2479.png
3,C:\30by30 images\3\image3479.png
1,C:\30by30 images\1\image1480.png
2,C:\30by30 images\2\image2480.png
3,C:\30by30 images\3\image3480.png
1,C:\30by30 images\1\image1481.png
2,C:\30by30 images\2\image2481.png
3,C:\30by30 images\3\image3481.png
1,C:\30by30 images\1\image1482.png
2,C:\30by30 images\2\image2482.png
3,C:\30by30 images\3\image3482.png
1,C:\30by30 images\1\image1483.png
2,C:\30by30 images\2\image2483.png
3,C:\30by30 images\3\image3483.png
1,C:\30by30 images\1\image1484.png
2,C:\30by30 images\2\image2484.png
3,C:\30by30 images\3\image3484.png
1,C:\30by30 images\1\image1485.png
2,C:\30by30 images\2\image2485.png
3,C:\30by30 images\3\image3485.png
1,C:\30by30 images\1\image1486.png
2,C:\30by30 images\2\image2486.png
3,C:\30by30 images\3\image3486.png
1,C:\30by30 images\1\image1487.png
2,C:\30by30 images\2\image2487.png
3,C:\30by30 images\3\image3487.png
1,C:\30by30 images\1\image1488.png
2,C:\30by30 images\2\image2488.png
3,C:\30by30 images\3\image3488.png
1,C:\30by30 images\1\image1489.png
2,C:\30by30 images\2\image2489.png
3,C:\30by30 images\3\image3489.png
1,C:\30by30 images\1\image1490.png
2,C:\30by30 images\2\image2490.png
3,C:\30by30 images\3\image3490.png
1,C:\30by30 images\1\image1491.png
2,C:\30by30 images\2\image2491.png
3,C:\30by30 images\3\image3491.png
1,C:\30by30 images\1\image1492.png
2,C:\30by30 images\2\image2492.png
3,C:\30by30 images\3\image3492.png
1,C:\30by30 images\1\image1493.png
2,C:\30by30 images\2\image2493.png
3,C:\30by30 images\3\image3493.png
1,C:\30by30 images\1\image1494.png
2,C:\30by30 images\2\image2494.png
3,C:\30by30 images\3\image3494.png
1,C:\30by30 images\1\image1495.png
2,C:\30by30 images\2\image2495.png
3,C:\30by30 images\3\image3495.png
1,C:\30by30 images\1\image1496.png
2,C:\30by30 images\2\image2496.png
3,C:\30by30 images\3\image3496.png
1,C:\30by30 images\1\image1497.png
2,C:\30by30 images\2\image2497.png
3,C:\30by30 images\3\image3497.png
1,C:\30by30 images\1\image1498.png
2,C:\30by30 images\2\image2498.png
3,C:\30by30 images\3\image3498.png
1,C:\30by30 images\1\image1499.png
2,C:\30by30 images\2\image2499.png
3,C:\30by30 images\3\image3499.png
1,C:\30by30 images\1\image1500.png
2,C:\30by30 images\2\image2500.png
3,C:\30by30 images\3\image3500.png
1,C:\30by30 images\1\image1501.png
2,C:\30by30 images\2\image2501.png
3,C:\30by30 images\3\image3501.png
1,C:\30by30 images\1\image1502.png
2,C:\30by30 images\2\image2502.png
3,C:\30by30 images\3\image3502.png
1,C:\30by30 images\1\image1503.png
2,C:\30by30 images\2\image2503.png
3,C:\30by30 images\3\image3503.png
1,C:\30by30 images\1\image1504.png
2,C:\30by30 images\2\image2504.png
3,C:\30by30 images\3\image3504.png
1,C:\30by30 images\1\image1505.png
2,C:\30by30 images\2\image2505.png
3,C:\30by30 images\3\image3505.png
1,C:\30by30 images\1\image1506.png
2,C:\30by30 images\2\image2506.png
3,C:\30by30 images\3\image3506.png
1,C:\30by30 images\1\image1507.png
2,C:\30by30 images\2\image2507.png
3,C:\30by30 images\3\image3507.png
1,C:\30by30 images\1\image1508.png
2,C:\30by30 images\2\image2508.png
3,C:\30by30 images\3\image3508.png
1,C:\30by30 images\1\image1509.png
2,C:\30by30 images\2\image2509.png
3,C:\30by30 images\3\image3509.png
1,C:\30by30 images\1\image1510.png
2,C:\30by30 images\2\image2510.png
3,C:\30by30 images\3\image3510.png
1,C:\30by30 images\1\image1511.png
2,C:\30by30 images\2\image2511.png
3,C:\30by30 images\3\image3511.png
1,C:\30by30 images\1\image1512.png
2,C:\30by30 images\2\image2512.png
3,C:\30by30 images\3\image3512.png
1,C:\30by30 images\1\image1513.png
2,C:\30by30 images\2\image2513.png
3,C:\30by30 images\3\image3513.png
1,C:\30by30 images\1\image1514.png
2,C:\30by30 images\2\image2514.png
3,C:\30by30 images\3\image3514.png
1,C:\30by30 images\1\image1515.png
2,C:\30by30 images\2\image2515.png
3,C:\30by30 images\3\image3515.png
1,C:\30by30 images\1\image1516.png
2,C:\30by30 images\2\image2516.png
3,C:\30by30 images\3\image3516.png
1,C:\30by30 images\1\image1517.png
2,C:\30by30 images\2\image2517.png
3,C:\30by30 images\3\image3517.png
1,C:\30by30 images\1\image1518.png
2,C:\30by30 images\2\image2518.png
3,C:\30by30 images\3\image3518.png
1,C:\30by30 images\1\image1519.png
2,C:\30by30 images\2\image2519.png
3,C:\30by30 images\3\image3519.png
1,C:\30by30 images\1\image1520.png
2,C:\30by30 images\2\image2520.png
3,C:\30by30 images\3\image3520.png
1,C:\30by30 images\1\image1521.png
2,C:\30by30 images\2\image2521.png
3,C:\30by30 images\3\image3521.png
1,C:\30by30 images\1\image1522.png
2,C:\30by30 images\2\image2522.png
3,C:\30by30 images\3\image3522.png
1,C:\30by30 images\1\image1523.png
2,C:\30by30 images\2\image2523.png
3,C:\30by30 images\3\image3523.png
1,C:\30by30 images\1\image1524.png
2,C:\30by30 images\2\image2524.png
3,C:\30by30 images\3\image3524.png
1,C:\30by30 images\1\image1525.png
2,C:\30by30 images\2\image2525.png
3,C:\30by30 images\3\image3525.png
1,C:\30by30 images\1\image1526.png
2,C:\30by30 images\2\image2526.png
3,C:\30by30 images\3\image3526.png
1,C:\30by30 images\1\image1527.png
2,C:\30by30 images\2\image2527.png
3,C:\30by30 images\3\image3527.png
1,C:\30by30 images\1\image1528.png
2,C:\30by30 images\2\image2528.png
3,C:\30by30 images\3\image3528.png
1,C:\30by30 images\1\image1529.png
2,C:\30by30 images\2\image2529.png
3,C:\30by30 images\3\image3529.png
1,C:\30by30 images\1\image1530.png
2,C:\30by30 images\2\image2530.png
3,C:\30by30 images\3\image3530.png
1,C:\30by30 images\1\image1531.png
2,C:\30by30 images\2\image2531.png
3,C:\30by30 images\3\image3531.png
1,C:\30by30 images\1\image1532.png
2,C:\30by30 images\2\image2532.png
3,C:\30by30 images\3\image3532.png
1,C:\30by30 images\1\image1533.png
2,C:\30by30 images\2\image2533.png
3,C:\30by30 images\3\image3533.png
1,C:\30by30 images\1\image1534.png
2,C:\30by30 images\2\image2534.png
3,C:\30by30 images\3\image3534.png
1,C:\30by30 images\1\image1535.png
2,C:\30by30 images\2\image2535.png
3,C:\30by30 images\3\image3535.png
1,C:\30by30 images\1\image1536.png
2,C:\30by30 images\2\image2536.png
3,C:\30by30 images\3\image3536.png
1,C:\30by30 images\1\image1537.png
2,C:\30by30 images\2\image2537.png
3,C:\30by30 images\3\image3537.png
1,C:\30by30 images\1\image1538.png
2,C:\30by30 images\2\image2538.png
3,C:\30by30 images\3\image3538.png
1,C:\30by30 images\1\image1539.png
2,C:\30by30 images\2\image2539.png
3,C:\30by30 images\3\image3539.png
1,C:\30by30 images\1\image1540.png
2,C:\30by30 images\2\image2540.png
3,C:\30by30 images\3\image3540.png
1,C:\30by30 images\1\image1541.png
2,C:\30by30 images\2\image2541.png
3,C:\30by30 images\3\image3541.png
1,C:\30by30 images\1\image1542.png
2,C:\30by30 images\2\image2542.png
3,C:\30by30 images\3\image3542.png
1,C:\30by30 images\1\image1543.png
2,C:\30by30 images\2\image2543.png
3,C:\30by30 images\3\image3543.png
1,C:\30by30 images\1\image1544.png
2,C:\30by30 images\2\image2544.png
3,C:\30by30 images\3\image3544.png
1,C:\30by30 images\1\image1545.png
2,C:\30by30 images\2\image2545.png
3,C:\30by30 images\3\image3545.png
1,C:\30by30 images\1\image1546.png
2,C:\30by30 images\2\image2546.png
3,C:\30by30 images\3\image3546.png
1,C:\30by30 images\1\image1547.png
2,C:\30by30 images\2\image2547.png
3,C:\30by30 images\3\image3547.png
1,C:\30by30 images\1\image1548.png
2,C:\30by30 images\2\image2548.png
3,C:\30by30 images\3\image3548.png
1,C:\30by30 images\1\image1549.png
2,C:\30by30 images\2\image2549.png
3,C:\30by30 images\3\image3549.png
1,C:\30by30 images\1\image1550.png
2,C:\30by30 images\2\image2550.png
3,C:\30by30 images\3\image3550.png
1,C:\30by30 images\1\image1551.png
2,C:\30by30 images\2\image2551.png
3,C:\30by30 images\3\image3551.png
1,C:\30by30 images\1\image1552.png
2,C:\30by30 images\2\image2552.png
3,C:\30by30 images\3\image3552.png
1,C:\30by30 images\1\image1553.png
2,C:\30by30 images\2\image2553.png
3,C:\30by30 images\3\image3553.png
1,C:\30by30 images\1\image1554.png
2,C:\30by30 images\2\image2554.png
3,C:\30by30 images\3\image3554.png
1,C:\30by30 images\1\image1555.png
2,C:\30by30 images\2\image2555.png
3,C:\30by30 images\3\image3555.png
1,C:\30by30 images\1\image1556.png
2,C:\30by30 images\2\image2556.png
3,C:\30by30 images\3\image3556.png
1,C:\30by30 images\1\image1557.png
2,C:\30by30 images\2\image2557.png
3,C:\30by30 images\3\image3557.png
1,C:\30by30 images\1\image1558.png
2,C:\30by30 images\2\image2558.png
3,C:\30by30 images\3\image3558.png
1,C:\30by30 images\1\image1559.png
2,C:\30by30 images\2\image2559.png
3,C:\30by30 images\3\image3559.png
1,C:\30by30 images\1\image1560.png
2,C:\30by30 images\2\image2560.png
3,C:\30by30 images\3\image3560.png
1,C:\30by30 images\1\image1561.png
2,C:\30by30 images\2\image2561.png
3,C:\30by30 images\3\image3561.png
1,C:\30by30 images\1\image1562.png
2,C:\30by30 images\2\image2562.png
3,C:\30by30 images\3\image3562.png
1,C:\30by30 images\1\image1563.png
2,C:\30by30 images\2\image2563.png
3,C:\30by30 images\3\image3563.png
1,C:\30by30 images\1\image1564.png
2,C:\30by30 images\2\image2564.png
3,C:\30by30 images\3\image3564.png
1,C:\30by30 images\1\image1565.png
2,C:\30by30 images\2\image2565.png
3,C:\30by30 images\3\image3565.png
1,C:\30by30 images\1\image1566.png
2,C:\30by30 images\2\image2566.png
3,C:\30by30 images\3\image3566.png
1,C:\30by30 images\1\image1567.png
2,C:\30by30 images\2\image2567.png
3,C:\30by30 images\3\image3567.png
1,C:\30by30 images\1\image1568.png
2,C:\30by30 images\2\image2568.png
3,C:\30by30 images\3\image3568.png
1,C:\30by30 images\1\image1569.png
2,C:\30by30 images\2\image2569.png
3,C:\30by30 images\3\image3569.png
1,C:\30by30 images\1\image1570.png
2,C:\30by30 images\2\image2570.png
3,C:\30by30 images\3\image3570.png
1,C:\30by30 images\1\image1571.png
2,C:\30by30 images\2\image2571.png
3,C:\30by30 images\3\image3571.png
1,C:\30by30 images\1\image1572.png
2,C:\30by30 images\2\image2572.png
3,C:\30by30 images\3\image3572.png
1,C:\30by30 images\1\image1573.png
2,C:\30by30 images\2\image2573.png
3,C:\30by30 images\3\image3573.png
1,C:\30by30 images\1\image1574.png
2,C:\30by30 images\2\image2574.png
3,C:\30by30 images\3\image3574.png
1,C:\30by30 images\1\image1575.png
2,C:\30by30 images\2\image2575.png
3,C:\30by30 images\3\image3575.png
1,C:\30by30 images\1\image1576.png
2,C:\30by30 images\2\image2576.png
3,C:\30by30 images\3\image3576.png
1,C:\30by30 images\1\image1577.png
2,C:\30by30 images\2\image2577.png
3,C:\30by30 images\3\image3577.png
1,C:\30by30 images\1\image1578.png
2,C:\30by30 images\2\image2578.png
3,C:\30by30 images\3\image3578.png
